Car Make,Car Model,Car Trim,Car Year,Car Mileage,Car Price
Acura,TLX,,2015,101K mi,"$16,998*"
Acura,TLX,,2015,91K mi,"$18,998*"
Scion,FR-S,,2014,110K mi,"$17,998*"
Chevrolet,Camaro,LT,2017,83K mi,"$19,998*"
Dodge,Challenger,SXT,2019,41K mi,"$24,998*"
Chevrolet,Corvette,Stingray 2LT,2023,4K mi,"$71,998*"
Chevrolet,Camaro,LT,2016,68K mi,"$20,998*"
Mazda,MX-5,Miata Club,2019,10K mi,"$26,998*"
Chevrolet,Camaro,LT,2017,35K mi,"$23,998*"
Chevrolet,Camaro,LT,2014,69K mi,"$19,998*"
Nissan,Z,Performance,2024,23K mi,"$42,998*"
Mazda,MX-5,Miata Grand Touring,2022,14K mi,"$28,998*"
Ford,Mustang,Ecoboost,2015,106K mi,"$17,998*"
Audi,A5,Premium Plus,2020,46K mi,"$31,998*"
Mercedes-Benz,SLC300,,2017,32K mi,"$26,998*"
Mazda,MX-5,Miata RF Grand Touring,2018,26K mi,"$24,998*"
Mazda,MX-5,Miata Grand Touring,2021,7K mi,"$28,998*"
Jaguar,XE,R-Sport,2017,32K mi,"$24,998*"
Dodge,Dart,SXT Sport Rallye,2016,83K mi,"$12,998*"
Mazda,MX-5,Miata Grand Touring,2020,18K mi,"$26,998*"
Dodge,Challenger,R/T,2018,28K mi,"$29,998*"
Dodge,Challenger,R/T Scat Pack,2020,8K mi,"$38,998*"
Ford,Mustang,Mach 1,2023,8K mi,"$52,998*"
Dodge,Challenger,SXT,2019,30K mi,"$26,998*"
Mercedes-Benz,SLC300,,2017,32K mi,"$26,998*"
Mazda,MX-5,Miata RF Grand Touring,2018,26K mi,"$24,998*"
Mazda,MX-5,Miata Grand Touring,2021,7K mi,"$28,998*"
Jaguar,XE,R-Sport,2017,32K mi,"$24,998*"
Dodge,Dart,SXT Sport Rallye,2016,83K mi,"$12,998*"
Mazda,MX-5,Miata Grand Touring,2020,18K mi,"$26,998*"
Chevrolet,Corvette,Stingray 2LT,2021,8K mi,"$69,998*"
Jaguar,XE,R-Sport,2017,43K mi,"$24,998*"
Audi,S4,Premium Plus,2024,1K mi,"$54,998*"
Dodge,Challenger,GT,2020,24K mi,"$29,998*"
Jaguar,XF,25t Prestige,2019,23K mi,"$27,998*"
Dodge,Challenger,SXT,2022,57K mi,"$24,998*"
Volkswagen,Eos,Komfort,2015,35K mi,"$19,998*"
Ford,Mustang,Ecoboost Premium,2020,26K mi,"$25,998*"
Ford,Mustang,Bullitt,2019,6K mi,"$43,998*"
Ford,Mustang,Ecoboost Premium,2020,49K mi,"$23,998*"
Volkswagen,Jetta,GLI Autobahn,2019,24K mi,"$24,998*"
Dodge,Challenger,SXT Plus,2016,94K mi,"$20,998*"
Dodge,Challenger,R/T Scat Pack Widebody,2022,28K mi,"$47,998*"
Chevrolet,Camaro,ZL1,2020,9K mi,"$62,998*"
Dodge,Charger,Scat Pack Widebody,2023,3K mi,"$55,998*"
Audi,S4,Premium Plus,2019,33K mi,"$32,998*"
Dodge,Challenger,R/T Scat Pack,2020,14K mi,"$39,998*"
Chevrolet,Camaro,LT,2018,61K mi,"$23,998*"
Jaguar,XF,35t Portfolio,2018,31K mi,"$27,998*"
Dodge,Charger,SXT,2023,38K mi,"$22,998*"
Audi,A5,Prestige,2019,60K mi,"$25,998*"
Chevrolet,Corvette,Stingray 3LT,2023,9K mi,"$75,998*"
Chevrolet,Corvette,Stingray 2LT,2022,6K mi,"$76,998*"
Ford,Mustang,Ecoboost,2015,93K mi,"$18,998*"
Chevrolet,Camaro,LT,2017,58K mi,"$24,998*"
Mercedes-Benz,SLC43,AMG,2017,20K mi,"$39,998*"
Fiat,124,Spider Abarth,2019,8K mi,"$27,998*"
Mazda,MX-5,Miata Grand Touring,2018,52K mi,"$20,998*"
Dodge,Charger,Scat Pack,2021,37K mi,"$39,998*"
Jaguar,F-Type,,2017,30K mi,"$32,998*"
Mazda,MX-5,Miata RF Grand Touring,2019,42K mi,"$24,998*"
Smart,Fortwo,Pure,2014,77K mi,"$9,998*"
Chevrolet,Camaro,SS,2015,11K mi,"$31,998*"
Ford,Mustang,Ecoboost Premium,2022,54K mi,"$24,998*"
Chevrolet,Camaro,LT,2015,37K mi,"$20,998*"
Dodge,Charger,Scat Pack Widebody,2023,5K mi,"$56,998*"
Ford,Mustang,Ecoboost Premium,2022,58K mi,"$23,998*"
Genesis,G80,,2017,101K mi,"$17,998*"
Chevrolet,Corvette,Stingray 1LT,2023,7K mi,"$64,998*"
Mazda,MX-5,Miata Grand Touring,2016,63K mi,"$18,998*"
Acura,TLX,A-Spec,2019,57K mi,"$24,998*"
Chevrolet,Camaro,2LT,2020,7K mi,"$35,998*"
Mini,Cooper,Hardtop John Cooper Works GP,2021,24K mi,"$31,998*"
Dodge,Challenger,SXT,2020,24K mi,"$24,998*"
Mini,Cooper,,2013,65K mi,"$13,599*"
Dodge,Charger,SXT,2023,13K mi,"$27,998*"
Toyota,Supra,2.0,2022,6K mi,"$43,998*"
Jaguar,F-Type,S,2015,17K mi,"$33,998*"
Jaguar,XE,Prestige,2018,56K mi,"$20,998*"
Ford,Mustang,Ecoboost Premium,2022,58K mi,"$24,998*"
Chevrolet,Corvette,Stingray,2017,6K mi,"$51,998*"
Mazda,MX-5,Miata RF Grand Touring,2022,9K mi,"$29,998*"
Ford,Mustang,GT,2023,13K mi,"$35,998*"
Ford,Mustang,Ecoboost Premium,2022,55K mi,"$24,998*"
Dodge,Challenger,R/T,2022,9K mi,"$34,998*"
Dodge,Dart,GT Sport,2016,61K mi,"$14,998*"
Jaguar,XE,R-Sport,2017,48K mi,"$22,998*"
BMW,Z4,SDrive28i,2016,46K mi,"$23,998*"
Chevrolet,Corvette,Stingray 1LT,2024,13K mi,"$67,998*"
Chevrolet,Corvette,Stingray Z51,2015,56K mi,"$39,998*"
Smart,Fortwo,Pure,2015,39K mi,"$10,599*"
Mazda,MX-5,Miata Club,2018,58K mi,"$21,998*"
Chevrolet,Corvette,Stingray,2014,24K mi,"$39,998*"
Hyundai,Genesis,Track,2013,24K mi,"$22,998*"
Chevrolet,Camaro,1SS,2019,22K mi,"$39,998*"
Mazda,MX-5,Miata Sport,2020,20K mi,"$24,998*"
Mazda,MX-5,Miata RF Grand Touring,2018,17K mi,"$24,998*"
Volkswagen,Jetta,GLI Autobahn,2019,4K mi,"$27,998*"
BMW,Z4,sDrive30i,2022,16K mi,"$48,998*"
Ford,Mustang,Ecoboost,2024,11K mi,"$32,998*"
Dodge,Challenger,SXT,2020,52K mi,"$24,998*"
Ford,Mustang,GT Premium,2024,1K mi,"$48,998*"
Mazda,MX-5,Miata RF Grand Touring,2019,8K mi,"$30,998*"
Chevrolet,Camaro,LT1,2022,13K mi,"$41,998*"
Ford,Mustang,GT Premium,2017,24K mi,"$34,998*"
Mini,Cooper,Coupe S,2015,61K mi,"$14,998*"
Cadillac,CT4,V,2020,77K mi,"$27,998*"
Ford,Mustang,GT Premium,2018,65K mi,"$31,998*"
Ford,Mustang,Ecoboost,2020,51K mi,"$23,998*"
Ford,Mustang,Ecoboost Premium,2023,48K mi,"$27,998*"
Chevrolet,Camaro,SS,2018,28K mi,"$38,998*"
Ford,Mustang,Ecoboost Premium,2022,50K mi,"$23,998*"
Lexus,RC,350,2015,79K mi,"$23,998*"
Nissan,370Z,,2016,116K mi,"$21,998*"
Dodge,Charger,SXT,2023,2K mi,"$26,998*"
Dodge,Challenger,SXT,2022,26K mi,"$25,998*"
Chevrolet,Corvette,Stingray 2LT,2023,2K mi,"$72,998*"
Mazda,MX-5,Miata RF Club,2021,27K mi,"$28,998*"
Dodge,Challenger,GT,2022,53K mi,"$25,998*"
Dodge,Challenger,GT,2022,54K mi,"$25,998*"
BMW,Z4,SDrive35i,2016,64K mi,"$28,998*"
Audi,TTS,,2019,14K mi,"$42,998*"
Chevrolet,Camaro,LT,2020,57K mi,"$28,998*"
Chevrolet,Camaro,SS,2020,7K mi,"$39,998*"
BMW,M4,,2017,76K mi,"$37,998*"
Nissan,370Z,,2020,15K mi,"$30,998*"
Chevrolet,Corvette,Stingray 3LT,2022,4K mi,"$72,998*"
Mercedes-Benz,CLS550,,2017,44K mi,"$30,998*"
Dodge,Challenger,R/T,2020,28K mi,"$30,998*"
Acura,TLX,,2015,44K mi,"$19,998*"
Dodge,Challenger,SXT,2022,37K mi,"$25,998*"
Chevrolet,Camaro,SS,2013,16K mi,"$31,998*"
Nissan,Z,Performance,2024,4K mi,"$48,998*"
Fiat,124,Spider Classica,2017,32K mi,"$19,998*"
Scion,FR-S,,2015,69K mi,"$19,998*"
Jaguar,F-Type,R-Dynamic,2021,14K mi,"$58,998*"
Chevrolet,Corvette,Stingray Z51,2016,9K mi,"$52,998*"
Ford,Mustang,GT Premium,2024,4K mi,"$49,998*"
Ford,Mustang,Ecoboost Premium,2021,41K mi,"$24,998*"
Audi,A5,Premium Plus,2018,55K mi,"$24,998*"
Nissan,Z,Performance,2023,1K mi,"$44,998*"
Chevrolet,Corvette,Z06,2016,22K mi,"$63,998*"
Chevrolet,Camaro,LT,2015,55K mi,"$20,998*"
Dodge,Charger,SXT,2023,28K mi,"$24,998*"
Nissan,370Z,Sport,2020,47K mi,"$29,998*"
Subaru,WRX,Premium,2023,20K mi,"$30,998*"
Mazda,MX-5,Miata Grand Touring,2016,88K mi,"$18,998*"
Chevrolet,Camaro,LS,2014,60K mi,"$17,998*"
Honda,CR-Z,EX,2015,79K mi,"$15,998*"
Mazda,MX-5,Miata Club,2021,6K mi,"$28,998*"
Chevrolet,Corvette,Stingray 2LT,2020,2K mi,"$72,998*"
Genesis,G80,Ultimate,2018,53K mi,"$27,998*"
Mercedes-Benz,SLC300,,2018,24K mi,"$29,998*"
Mazda,MX-5,Miata Club,2017,22K mi,"$20,998*"
Chevrolet,Camaro,LT,2017,64K mi,"$21,998*"
Dodge,Charger,Scat Pack,2021,24K mi,"$42,998*"
Mazda,MX-5,Miata Grand Touring,2021,31K mi,"$24,998*"
Porsche,Cayman,S,2016,34K mi,"$55,998*"
Jaguar,F-Type,S,2015,21K mi,"$36,998*"
Lexus,RC,350,2015,44K mi,"$29,998*"
Mercedes-Benz,C43,AMG,2023,19K mi,"$53,998*"
Dodge,Challenger,SXT,2022,32K mi,"$25,998*"
Nissan,Z,Performance,2023,10K mi,"$44,998*"
Acura,TLX,Technology,2020,47K mi,"$24,998*"
Dodge,Charger,Scat Pack,2021,8K mi,"$44,998*"
Toyota,Supra,3.0,2020,6K mi,"$52,998*"
BMW,Z4,sDrive30i,2019,40K mi,"$33,998*"
Mazda,MX-5,Miata Grand Touring,2016,72K mi,"$18,998*"
Ford,Mustang,GT,2023,21K mi,"$35,998*"
Chevrolet,Camaro,LT1,2022,3K mi,"$40,998*"
Dodge,Challenger,SXT Plus,2016,95K mi,"$21,998*"
Ford,Mustang,GT Premium,2020,38K mi,"$35,998*"
Ford,Mustang,Ecoboost Premium,2020,21K mi,"$28,998*"
Cadillac,CT4-V,Blackwing,2023,2K mi,"$63,998*"
Dodge,Charger,Scat Pack,2021,18K mi,"$42,998*"
Ford,Mustang,Ecoboost,2020,18K mi,"$25,998*"
Audi,A5,Premium Plus,2018,27K mi,"$25,998*"
Mazda,MX-5,Miata RF Grand Touring,2019,51K mi,"$23,998*"
Jaguar,F-Type,S,2014,53K mi,"$29,998*"
Mazda,MX-5,Miata RF Grand Touring,2020,19K mi,"$26,998*"
Chevrolet,Camaro,LT,2020,39K mi,"$27,998*"
Audi,A5,Premium Plus,2018,65K mi,"$22,998*"
Dodge,Challenger,SXT,2020,57K mi,"$22,998*"
Chevrolet,Corvette,Stingray 2LT,2023,3K mi,"$69,998*"
Dodge,Challenger,392 Hemi Scat Pack Shaker,2016,20K mi,"$34,998*"
Ford,Mustang,Ecoboost Premium,2021,63K mi,"$22,998*"
Nissan,370Z,Touring,2016,32K mi,"$25,998*"
Lexus,RC,350,2015,33K mi,"$29,998*"
Chevrolet,Corvette,Stingray 1LT,2023,3K mi,"$63,998*"
Chevrolet,Corvette,Stingray 3LT,2023,9K mi,"$74,998*"
Dodge,Challenger,SXT Plus,2015,9K mi,"$26,998*"
Mazda,MX-5,Miata RF Grand Touring,2019,39K mi,"$24,998*"
Jaguar,F-Type,,2017,46K mi,"$30,998*"
BMW,Z4,SDrive35i,2015,65K mi,"$26,998*"
Audi,S3,Premium Plus,2017,83K mi,"$22,998*"
Jaguar,XKR,,2014,25K mi,"$36,998*"
Ford,Mustang,Ecoboost Premium,2024,12K mi,"$33,998*"
BMW,M4,,2018,48K mi,"$41,998*"
Ford,Mustang,Ecoboost Premium,2022,60K mi,"$24,998*"
Ford,Mustang,Ecoboost Premium,2021,57K mi,"$24,998*"
Ford,Mustang,Ecoboost Premium,2022,60K mi,"$23,998*"
Ford,Mustang,GT Premium,2024,4K mi,"$48,998*"
Genesis,G80,,2018,53K mi,"$21,998*"
Lexus,RC,350,2015,69K mi,"$26,998*"
Jaguar,F-Type,R,2020,12K mi,"$64,998*"
Ford,Mustang,Ecoboost Premium,2022,60K mi,"$24,998*"
Mazda,MX-5,Miata RF Grand Touring,2019,35K mi,"$26,998*"
Dodge,Challenger,R/T,2019,45K mi,"$29,998*"
Dodge,Challenger,SXT Plus,2018,43K mi,"$24,998*"
Mazda,MX-5,Miata Grand Touring,2022,11K mi,"$27,998*"
Mazda,MX-5,Miata Grand Touring,2016,59K mi,"$18,998*"
Audi,S3,Premium Plus,2016,87K mi,"$21,998*"
Mazda,MX-5,Miata Club,2021,54K mi,"$23,998*"
Ford,Mustang,Ecoboost Premium,2020,35K mi,"$26,998*"
Mazda,MX-5,Miata RF Grand Touring,2017,16K mi,"$24,998*"
Chevrolet,Camaro,LS,2018,36K mi,"$23,998*"
Ford,Mustang,GT,2020,3K mi,"$36,998*"
Dodge,Charger,SXT,2023,4K mi,"$26,998*"
Dodge,Challenger,SXT,2022,38K mi,"$24,998*"
BMW,Z4,sDrive30i,2020,8K mi,"$39,998*"
Chevrolet,Corvette,Grand Sport,2019,27K mi,"$50,998*"
Porsche,Panamera,,2018,49K mi,"$47,998*"
Mazda,MX-5,Miata Sport,2017,83K mi,"$18,998*"
Dodge,Challenger,GT,2019,56K mi,"$24,998*"
Mercedes-Benz,SL63,AMG,2018,14K mi,"$77,998*"
Dodge,Challenger,GT,2022,37K mi,"$25,998*"
Mazda,MX-5,Miata Club,2017,50K mi,"$21,998*"
Nissan,370Z,Touring Sport,2017,43K mi,"$27,998*"
Ford,Mustang,GT,2016,103K mi,"$24,998*"
Dodge,Challenger,R/T,2014,53K mi,"$24,998*"
Chevrolet,Camaro,LT,2020,62K mi,"$24,998*"
Chevrolet,Camaro,LT,2021,33K mi,"$28,998*"
Dodge,Challenger,SXT Plus,2016,71K mi,"$20,998*"
Dodge,Charger,SXT,2023,23K mi,"$24,998*"
Chevrolet,Corvette,Stingray Z51,2014,23K mi,"$42,998*"
Acura,TLX,,2017,65K mi,"$19,998*"
Chevrolet,Corvette,Stingray,2015,39K mi,"$39,998*"
Mazda,MX-5,Miata Grand Touring,2015,59K mi,"$16,998*"
BMW,Z4,sDrive30i,2023,10K mi,"$47,998*"
Jaguar,F-Type,P300,2020,29K mi,"$41,998*"
Acura,TLX,,2015,99K mi,"$18,998*"
Acura,TLX,,2018,44K mi,"$21,998*"
Scion,FR-S,Monogram,2014,54K mi,"$19,998*"
Dodge,Challenger,SXT,2019,88K mi,"$22,998*"
BMW,M4,,2019,29K mi,"$52,998*"
Mazda,MX-5,Miata Grand Touring,2023,19K mi,"$27,998*"
Chevrolet,Corvette,Stingray 2LT,2022,5K mi,"$69,998*"
Dodge,Charger,SXT,2023,17K mi,"$25,998*"
Dodge,Charger,Scat Pack,2021,31K mi,"$39,998*"
Dodge,Challenger,GT,2022,15K mi,"$25,998*"
Volkswagen,GTI,S,2016,79K mi,"$17,998*"
Ford,Mustang,GT Premium,2020,25K mi,"$32,998*"
Mazda,MX-5,Miata Sport,2020,27K mi,"$23,998*"
Ford,Mustang,GT Premium,2024,16K mi,"$47,998*"
Smart,Fortwo,Prime,2016,38K mi,"$16,998*"
Dodge,Challenger,SXT,2022,26K mi,"$27,998*"
Acura,TLX,,2020,35K mi,"$22,998*"
Fiat,124,Spider Lusso,2018,47K mi,"$19,998*"
Acura,TLX,,2018,44K mi,"$24,998*"
Ford,Mustang,GT,2019,26K mi,"$31,998*"
Jaguar,F-Type,R,2020,6K mi,"$65,998*"
Chevrolet,Corvette,Stingray 1LT,2022,11K mi,"$70,998*"
Dodge,Challenger,SXT,2018,35K mi,"$24,998*"
Ford,Mustang,Ecoboost Premium,2020,29K mi,"$27,998*"
Ford,Mustang,50 Year Limited Edition,2015,13K mi,"$34,998*"
Toyota,86,,2019,10K mi,"$28,998*"
Chevrolet,Corvette,Stingray,2017,31K mi,"$42,998*"
Mazda,MX-5,Miata Sport,2019,35K mi,"$24,998*"
Mazda,MX-5,Miata Grand Touring,2022,3K mi,"$29,998*"
Ford,Mustang,Ecoboost Premium,2023,40K mi,"$27,998*"
Chevrolet,Corvette,Stingray 3LT,2023,2K mi,"$81,998*"
Honda,CR-Z,EX,2013,62K mi,"$15,998*"
Mazda,MX-5,Miata Grand Touring,2013,26K mi,"$20,998*"
Dodge,Charger,Scat Pack,2021,29K mi,"$41,998*"
Ford,Mustang,Ecoboost Premium,2023,45K mi,"$27,998*"
Chevrolet,Corvette,Stingray 3LT,2022,9K mi,"$76,998*"
Ford,Mustang,Ecoboost,2020,59K mi,"$22,998*"
Chevrolet,Camaro,LT1,2021,22K mi,"$38,998*"
Jaguar,XE,S,2020,18K mi,"$25,998*"
Lexus,RC,350,2016,123K mi,"$24,998*"
Mazda,MX-5,Miata Grand Touring,2014,39K mi,"$20,998*"
Ford,Mustang,Ecoboost Premium,2022,58K mi,"$24,998*"
Mazda,MX-5,Miata RF Grand Touring,2020,11K mi,"$27,998*"
Ford,Mustang,Ecoboost Premium,2022,57K mi,"$24,998*"
Ford,Mustang,Ecoboost Premium,2024,12K mi,"$33,998*"
Audi,TT,,2019,37K mi,"$32,998*"
Dodge,Challenger,SXT Plus,2015,106K mi,"$18,998*"
Smart,Fortwo,Prime,2017,50K mi,"$14,998*"
Ford,Mustang,Ecoboost Premium,2021,40K mi,"$24,998*"
Mazda,MX-5,Miata RF Grand Touring,2020,41K mi,"$26,998*"
Infiniti,G37,Journey,2013,75K mi,"$18,998*"
Acura,TLX,A-Spec,2020,39K mi,"$29,998*"
Chevrolet,Camaro,LS,2018,42K mi,"$22,998*"
Lexus,RC,350,2016,23K mi,"$30,998*"
Mercedes-Benz,CLS550,,2014,19K mi,"$30,998*"
BMW,M240,I,2020,40K mi,"$32,998*"
Chevrolet,Corvette,Stingray 3LT,2020,23K mi,"$65,998*"
Chevrolet,Corvette,Stingray 3LT,2023,15K mi,"$72,998*"
Acura,TLX,,2016,110K mi,"$17,998*"
Nissan,Z,Performance,2024,1K mi,"$47,998*"
Jaguar,F-Type,P300,2020,41K mi,"$36,998*"
BMW,Z4,M40I,2020,37K mi,"$39,998*"
Dodge,Challenger,GT,2022,39K mi,"$25,998*"
Subaru,WRX,,2023,18K mi,"$28,998*"
BMW,M550,I xDrive,2019,32K mi,"$39,998*"
Jaguar,XE,,2017,49K mi,"$18,998*"
Mercedes-Benz,SLC300,,2017,17K mi,"$30,998*"
Dodge,Challenger,R/T,2016,114K mi,"$20,998*"
Dodge,Charger,SXT,2023,2K mi,"$27,998*"
Lexus,RC,350,2016,109K mi,"$25,998*"
Dodge,Charger,SXT,2023,4K mi,"$26,998*"
Mazda,MX-5,Miata Grand Touring,2014,111K mi,"$14,998*"
Mazda,MX-5,Miata RF Grand Touring,2021,11K mi,"$28,998*"
Jaguar,F-Type,R,2015,39K mi,"$42,998*"
Ford,Mustang,GT,2020,31K mi,"$31,998*"
Cadillac,CT4,V,2020,39K mi,"$31,998*"
Mazda,MX-5,Miata RF Grand Touring,2020,60K mi,"$22,998*"
Ford,Mustang,Ecoboost Premium,2019,29K mi,"$26,998*"
Porsche,Panamera,E- PHEV 4,2019,26K mi,"$65,998*"
Dodge,Challenger,SXT,2022,41K mi,"$26,998*"
Mazda,MX-5,Miata Grand Touring,2021,46K mi,"$24,998*"
Ford,Mustang,Ecoboost Premium,2024,13K mi,"$34,998*"
Nissan,370Z,,2017,53K mi,"$24,998*"
Ford,Mustang,Ecoboost Premium,2023,41K mi,"$26,998*"
Toyota,Supra,45th Anniversary Edition,2024,3K mi,"$63,998*"
Mercedes-Benz,E43,AMG,2018,14K mi,"$46,998*"
Chevrolet,Camaro,LS,2015,78K mi,"$17,998*"
Ford,Mustang,GT,2023,14K mi,"$38,998*"
Dodge,Challenger,R/T Plus,2019,45K mi,"$30,998*"
Jaguar,F-Type,R,2016,12K mi,"$51,998*"
Dodge,Challenger,SXT,2016,52K mi,"$20,998*"
Dodge,Challenger,SXT,2022,59K mi,"$24,998*"
BMW,Z4,sDrive30i,2020,17K mi,"$36,998*"
Acura,TLX,,2019,65K mi,"$20,998*"
Ford,Mustang,GT Premium,2020,29K mi,"$38,998*"
Scion,tC,,2013,128K mi,"$11,998*"
Mazda,MX-5,Miata Club,2016,8K mi,"$21,998*"
Mercedes-Benz,SLK250,,2014,35K mi,"$22,998*"
Chevrolet,Camaro,1LT,2022,28K mi,"$29,998*"
Mazda,MX-5,Miata Grand Touring,2022,14K mi,"$27,998*"
Audi,RS5,,2018,36K mi,"$49,998*"
Mercedes-Benz,SLK250,,2015,38K mi,"$23,998*"
Dodge,Challenger,SXT Plus,2017,102K mi,"$19,998*"
Chevrolet,Camaro,SS,2018,72K mi,"$31,998*"
BMW,Z4,SDrive28i,2015,32K mi,"$24,998*"
Dodge,Challenger,SXT,2015,85K mi,"$19,998*"
Chevrolet,Camaro,LT,2020,46K mi,"$25,998*"
Ford,Mustang,Ecoboost Premium,2020,94K mi,"$19,998*"
Genesis,G80,,2017,104K mi,"$18,998*"
Dodge,Challenger,GT,2022,27K mi,"$27,998*"
Ford,Mustang,Ecoboost Premium,2021,74K mi,"$23,998*"
Mazda,MX-5,Miata Club,2016,41K mi,"$20,998*"
Chevrolet,Corvette,Stingray 3LT,2022,6K mi,"$78,998*"
Ford,Mustang,Ecoboost,2024,4K mi,"$32,998*"
Porsche,718,Cayman,2022,28K mi,"$60,998*"
Mercedes-Benz,SL400,,2015,37K mi,"$31,998*"
Acura,TLX,SH-AWD,2020,48K mi,"$24,998*"
Dodge,Charger,Scat Pack,2021,33K mi,"$40,998*"
BMW,Z4,sDrive30i,2020,30K mi,"$34,998*"
BMW,Z4,sDrive30i,2022,14K mi,"$44,998*"
Ford,Mustang,GT,2020,35K mi,"$32,998*"
Cadillac,CT4-V,,2023,13K mi,"$42,998*"
Mazda,MX-5,Miata Sport,2015,61K mi,"$17,998*"
Toyota,Supra,3.0 Premium,2023,41K mi,"$52,998*"
Mazda,MX-5,Miata Grand Touring,2021,5K mi,"$29,998*"
Mazda,MX-5,Miata Grand Touring,2016,76K mi,"$18,998*"
Mazda,MX-5,Miata Grand Touring,2015,56K mi,"$19,998*"
Toyota,86,,2017,67K mi,"$23,998*"
Mazda,MX-5,Miata Grand Touring,2023,3K mi,"$29,998*"
Chevrolet,Corvette,Stingray 1LT,2022,7K mi,"$67,998*"
Audi,S4,Premium,2019,43K mi,"$32,998*"
Dodge,Challenger,SXT Plus,2019,31K mi,"$26,998*"
Dodge,Challenger,SXT,2019,32K mi,"$25,998*"
Chevrolet,Camaro,2SS,2020,53K mi,"$33,998*"
Chevrolet,Camaro,LT,2020,39K mi,"$26,998*"
Chevrolet,Camaro,2SS,2020,48K mi,"$34,998*"
Dodge,Challenger,R/T,2019,37K mi,"$29,998*"
Scion,tC,,2014,59K mi,"$16,998*"
Mazda,MX-5,Miata Grand Touring,2020,30K mi,"$23,998*"
Dodge,Charger,SXT,2023,37K mi,"$23,998*"
Genesis,G80,,2017,82K mi,"$21,998*"
Dodge,Dart,SXT,2015,110K mi,"$11,599*"
BMW,M4,,2018,43K mi,"$48,998*"
Fiat,124,Spider Lusso,2018,22K mi,"$21,998*"
Ford,Mustang,Ecoboost Premium,2022,55K mi,"$23,998*"
Smart,Fortwo,Pure,2014,62K mi,"$10,599*"
Mazda,MX-5,Miata Sport,2021,18K mi,"$25,998*"
Chevrolet,Camaro,SS,2020,45K mi,"$34,998*"
Jaguar,F-Type,,2014,17K mi,"$30,998*"
Ford,Mustang,Ecoboost Premium,2022,54K mi,"$24,998*"
Porsche,Panamera,4S,2017,30K mi,"$52,998*"
Genesis,G80,,2017,92K mi,"$19,998*"
Mercedes-Benz,SLC43,AMG,2020,22K mi,"$44,998*"
Mazda,MX-5,Miata RF Grand Touring,2021,38K mi,"$26,998*"
Scion,FR-S,,2016,98K mi,"$17,998*"
Mazda,MX-5,Miata Grand Touring,2023,6K mi,"$31,998*"
Mazda,MX-5,Miata Club,2018,60K mi,"$20,998*"
Mazda,MX-5,Miata Club,2020,10K mi,"$25,998*"
Subaru,WRX,Limited,2023,9K mi,"$32,998*"
Ford,Mustang,Ecoboost Premium,2022,8K mi,"$34,998*"
Acura,TLX,,2015,70K mi,"$18,998*"
Dodge,Challenger,R/T Scat Pack Widebody,2020,39K mi,"$42,998*"
Chevrolet,Corvette,Stingray 3LT,2024,3K mi,"$75,998*"
Chevrolet,Corvette,Stingray 3LT,2024,1K mi,"$82,998*"
Chevrolet,Corvette,Z06,2015,28K mi,"$63,998*"
Audi,A5,Premium,2018,70K mi,"$22,998*"
Dodge,Challenger,GT,2022,55K mi,"$27,998*"
Dodge,Charger,Scat Pack,2021,30K mi,"$44,998*"
Ford,Mustang,,2015,73K mi,"$16,998*"
Dodge,Challenger,SXT,2022,29K mi,"$26,998*"
Mazda,MX-5,Miata Grand Touring,2016,96K mi,"$18,998*"
Ford,Mustang,Ecoboost,2020,49K mi,"$24,998*"
BMW,M240,I,2019,30K mi,"$32,998*"
Audi,S4,Prestige,2019,44K mi,"$36,998*"
BMW,Z4,sDrive30i,2022,23K mi,"$38,998*"
Mercedes-Benz,SLC43,AMG,2019,37K mi,"$41,998*"
Chevrolet,Corvette,Stingray,2015,72K mi,"$33,998*"
Chevrolet,Camaro,LS,2015,74K mi,"$17,998*"
Audi,S3,Premium Plus,2018,34K mi,"$29,998*"
Dodge,Challenger,SXT,2020,32K mi,"$26,998*"
Dodge,Challenger,R/T,2014,102K mi,"$18,998*"
Dodge,Charger,Scat Pack,2021,38K mi,"$41,998*"
Jaguar,XE,Premium,2017,70K mi,"$18,998*"
Chevrolet,Camaro,ZL1,2019,25K mi,"$55,998*"
Fiat,124,Spider Abarth,2018,8K mi,"$26,998*"
Chevrolet,Corvette,Stingray,2016,14K mi,"$47,998*"
Audi,A5,Premium Plus,2016,67K mi,"$18,998*"
Ford,Mustang,Ecoboost,2023,44K mi,"$27,998*"
Dodge,Challenger,R/T Scat Pack,2020,16K mi,"$38,998*"
Smart,Fortwo,Pure,2015,47K mi,"$10,599*"
Chevrolet,Camaro,SS,2018,29K mi,"$37,998*"
Ford,Mustang,Ecoboost Premium,2021,49K mi,"$23,998*"
BMW,M2,,2018,46K mi,"$40,998*"
Mazda,MX-5,Miata RF Grand Touring,2022,5K mi,"$30,998*"
Chevrolet,Corvette,Stingray 2LT,2020,24K mi,"$64,998*"
Chevrolet,Corvette,Stingray 2LT,2024,3K mi,"$78,998*"
Volkswagen,Jetta,GLI Autobahn,2019,66K mi,"$21,998*"
Mazda,MX-5,Miata Grand Touring,2013,31K mi,"$19,998*"
Chevrolet,Corvette,Stingray,2014,27K mi,"$38,998*"
Dodge,Charger,Scat Pack,2021,17K mi,"$43,998*"
Acura,TLX,,2015,47K mi,"$20,998*"
Jaguar,F-Type,R,2016,22K mi,"$47,998*"
Chevrolet,Corvette,Stingray 3LT,2022,16K mi,"$71,998*"
Lexus,RC,F,2017,23K mi,"$47,998*"
Dodge,Charger,Scat Pack Widebody,2023,4K mi,"$53,998*"
Dodge,Challenger,SXT,2022,45K mi,"$24,998*"
Ford,Mustang,GT Premium,2024,4K mi,"$50,998*"
Mazda,MX-5,Miata RF Club,2019,51K mi,"$24,998*"
Chevrolet,Corvette,Stingray Z51,2015,28K mi,"$43,998*"
Lexus,LC,500,2020,59K mi,"$63,998*"
Dodge,Challenger,GT,2022,32K mi,"$25,998*"
Ford,Mustang,Shelby GT500,2020,18K mi,"$76,998*"
Audi,RS5,,2019,25K mi,"$48,998*"
Chevrolet,Camaro,LT,2014,52K mi,"$19,998*"
Chevrolet,Corvette,Stingray 3LT,2023,5K mi,"$74,998*"
Dodge,Charger,SXT,2023,59K mi,"$21,998*"
Dodge,Challenger,SXT Plus,2019,48K mi,"$25,998*"
Chevrolet,Camaro,LT,2017,75K mi,"$23,998*"
Acura,TLX,Technology,2020,55K mi,"$24,998*"
Ford,Mustang,Ecoboost,2024,9K mi,"$32,998*"
Dodge,Challenger,R/T Plus,2016,123K mi,"$20,998*"
Dodge,Challenger,SRT 392,2016,32K mi,"$35,998*"
Mazda,MX-5,Miata RF Grand Touring,2021,7K mi,"$28,998*"
Chevrolet,Corvette,Stingray 2LT,2021,10K mi,"$69,998*"
Nissan,Z,Sport,2023,8K mi,"$38,998*"
BMW,M5,,2020,19K mi,"$68,998*"
Dodge,Challenger,SXT,2022,41K mi,"$24,998*"
Dodge,Challenger,GT,2019,67K mi,"$23,998*"
Ford,Mustang,Ecoboost,2019,37K mi,"$23,998*"
Toyota,86,860 Special Edition,2017,61K mi,"$25,998*"
Dodge,Challenger,SXT,2019,78K mi,"$22,998*"
Ford,Mustang,Ecoboost,2018,88K mi,"$19,998*"
Genesis,G80,Ultimate,2018,33K mi,"$29,998*"
Scion,tC,,2014,88K mi,"$14,599*"
BMW,230,XI,2020,45K mi,"$23,998*"
Scion,FR-S,,2015,61K mi,"$20,998*"
Smart,Fortwo,Pure,2014,33K mi,"$11,599*"
Porsche,718,Boxster,2017,31K mi,"$47,998*"
Dodge,Challenger,SXT,2022,54K mi,"$24,998*"
Chevrolet,Camaro,LT,2020,50K mi,"$23,998*"
Ford,Mustang,Ecoboost Premium,2018,14K mi,"$28,998*"
Toyota,Supra,3.0 Premium,2021,43K mi,"$48,998*"
Hyundai,Genesis,Ultimate,2015,71K mi,"$19,998*"
Porsche,Panamera,4,2018,49K mi,"$45,998*"
Mazda,MX-5,Miata Club,2020,10K mi,"$27,998*"
Toyota,Supra,2.0,2021,4K mi,"$42,998*"
Ford,Mustang,Ecoboost Premium,2023,39K mi,"$26,998*"
Mercedes-Benz,SLK250,,2015,42K mi,"$22,998*"
Chevrolet,Camaro,LT,2018,48K mi,"$24,998*"
Ford,Mustang,Bullitt,2019,33K mi,"$40,998*"
Mazda,MX-5,Miata RF Grand Touring,2019,20K mi,"$27,998*"
Dodge,Challenger,SXT,2022,56K mi,"$25,998*"
Mazda,MX-5,Miata Grand Touring,2023,14K mi,"$28,998*"
BMW,230,I,2017,50K mi,"$21,998*"
Mazda,MX-5,Miata RF Grand Touring,2020,53K mi,"$25,998*"
Dodge,Charger,SXT,2023,26K mi,"$25,998*"
Dodge,Challenger,R/T,2019,37K mi,"$29,998*"
Ford,Mustang,GT,2024,8K mi,"$43,998*"
Dodge,Charger,SXT,2023,25K mi,"$26,998*"
Honda,CR-Z,,2014,67K mi,"$16,998*"
Dodge,Charger,SXT,2023,47K mi,"$24,998*"
Dodge,Challenger,SXT,2022,35K mi,"$25,998*"
Audi,A5,Premium Plus,2018,50K mi,"$23,998*"
Ford,Mustang,Ecoboost Premium,2022,55K mi,"$24,998*"
Acura,TLX,,2017,106K mi,"$16,998*"
Chevrolet,Corvette,Stingray,2015,74K mi,"$34,998*"
Ford,Mustang,Ecoboost,2022,60K mi,"$22,998*"
Nissan,370Z,,2018,41K mi,"$27,998*"
Dodge,Challenger,SXT,2022,50K mi,"$25,998*"
Ford,Mustang,GT Premium,2019,29K mi,"$36,998*"
Dodge,Challenger,SXT,2022,11K mi,"$27,998*"
Mercedes-Benz,C43,AMG,2023,18K mi,"$51,998*"
Ford,Mustang,Mach-E GT,2023,10K mi,"$40,998*"
Mercedes-Benz,C43,AMG,2023,6K mi,"$53,998*"
Dodge,Challenger,R/T Scat Pack,2015,86K mi,"$29,998*"
Mazda,MX-5,Miata Grand Touring,2013,128K mi,"$14,998*"
Acura,TLX,A-Spec,2019,92K mi,"$22,998*"
Chevrolet,Corvette,Stingray Z51,2014,66K mi,"$37,998*"
Acura,TLX,SH-AWD A-Spec,2018,118K mi,"$20,998*"
Ford,Mustang,,2013,127K mi,"$14,998*"
Dodge,Charger,SXT,2023,40K mi,"$24,998*"
Dodge,Challenger,SXT,2022,26K mi,"$26,998*"
BMW,230,I,2018,32K mi,"$21,998*"
Ford,Mustang,Ecoboost Premium,2020,39K mi,"$24,998*"
Dodge,Challenger,GT,2022,43K mi,"$26,998*"
Ford,Mustang,Ecoboost Premium,2022,60K mi,"$22,998*"
Dodge,Charger,SXT,2023,3K mi,"$27,998*"
Dodge,Charger,SXT,2023,4K mi,"$28,998*"
Dodge,Challenger,SXT,2022,27K mi,"$26,998*"
Chevrolet,Corvette,Stingray 3LT,2021,11K mi,"$69,998*"
Ford,Mustang,Ecoboost Premium,2021,53K mi,"$23,998*"
Mazda,MX-5,Miata RF Grand Touring,2023,17K mi,"$29,998*"
Chevrolet,Camaro,LT,2017,79K mi,"$21,998*"
Ford,Mustang,GT Premium,2024,5K mi,"$45,998*"
Nissan,370Z,Sport Touring,2020,16K mi,"$34,998*"
Ford,Mustang,GT Premium,2020,36K mi,"$35,998*"
Chevrolet,Corvette,Stingray Z51,2017,59K mi,"$43,998*"
Chevrolet,Corvette,Stingray 2LT,2021,23K mi,"$64,998*"
Mazda,MX-5,Miata RF Grand Touring,2022,8K mi,"$29,998*"
Volkswagen,Golf,R,2024,3K mi,"$44,998*"
Ford,Mustang,GT Premium,2019,38K mi,"$32,998*"
BMW,230,I,2020,30K mi,"$24,998*"
BMW,Z4,SDrive35i,2016,15K mi,"$34,998*"
Dodge,Charger,SXT,2023,20K mi,"$24,998*"
Dodge,Challenger,SXT,2015,90K mi,"$19,998*"
Ford,Mustang,Ecoboost Premium,2022,59K mi,"$22,998*"
Dodge,Charger,SXT,2023,28K mi,"$24,998*"
Ford,Mustang,GT Premium,2024,1K mi,"$50,998*"
Chevrolet,Camaro,LS,2018,23K mi,"$25,998*"
Mazda,MX-5,Miata Grand Touring,2016,55K mi,"$19,998*"
Audi,RS5,,2019,47K mi,"$48,998*"
Toyota,Supra,3.0 Premium,2022,18K mi,"$52,998*"
Ford,Mustang,Ecoboost Premium,2015,54K mi,"$19,998*"
Ford,Mustang,GT Premium,2017,39K mi,"$31,998*"
Mazda,MX-5,Miata Grand Touring,2016,30K mi,"$20,998*"
Porsche,Boxster,S,2014,53K mi,"$41,998*"
Mazda,MX-5,Miata RF 100th Anniversary,2020,8K mi,"$28,998*"
Dodge,Challenger,SXT,2017,89K mi,"$19,998*"
Smart,Fortwo,Pure,2015,75K mi,"$8,998*"
Dodge,Challenger,GT,2022,60K mi,"$25,998*"
Dodge,Charger,SXT Plus,2018,58K mi,"$22,998*"
Porsche,718,Cayman,2019,25K mi,"$53,998*"
Jaguar,XF,25t Prestige,2018,16K mi,"$26,998*"
Chevrolet,Corvette,Z06,2018,48K mi,"$64,998*"
Ford,Mustang,Ecoboost Premium,2021,52K mi,"$23,998*"
Ford,Mustang,Shelby GT350,2017,30K mi,"$52,998*"
Jaguar,F-Type,P300,2021,19K mi,"$42,998*"
Ford,Mustang,Ecoboost Premium,2021,21K mi,"$31,998*"
Toyota,Supra,3.0 Premium,2022,17K mi,"$55,998*"
Ford,Mustang,Ecoboost Premium,2024,13K mi,"$33,998*"
Chevrolet,Camaro,LT,2020,30K mi,"$26,998*"
Jaguar,F-Type,S,2014,43K mi,"$27,998*"
BMW,230,I,2020,63K mi,"$22,998*"
Dodge,Dart,GT,2015,80K mi,"$12,998*"
Ford,Mustang,Ecoboost,2020,22K mi,"$25,998*"
Chevrolet,Corvette,Stingray,2014,12K mi,"$42,998*"
Lexus,RC,350,2015,96K mi,"$23,998*"
Chevrolet,Corvette,Stingray Z51,2014,18K mi,"$41,998*"
Jaguar,XK,,2014,49K mi,"$28,998*"
Mazda,MX-5,Miata Grand Touring,2015,92K mi,"$15,998*"
Dodge,Charger,Scat Pack,2021,30K mi,"$39,998*"
Ford,Mustang,Ecoboost,2020,49K mi,"$23,998*"
Chevrolet,Camaro,LT,2018,33K mi,"$24,998*"
Jaguar,XE,Prestige,2017,42K mi,"$20,998*"
Genesis,G80,,2020,40K mi,"$27,998*"
Audi,RS5,,2018,32K mi,"$48,998*"
Mercedes-Benz,CLS550,,2014,54K mi,"$27,998*"
BMW,M550,I xDrive,2018,57K mi,"$35,998*"
Mazda,MX-5,Miata RF Club,2021,53K mi,"$26,998*"
Dodge,Charger,Scat Pack,2021,15K mi,"$41,998*"
Volkswagen,Jetta,GLI Autobahn,2019,25K mi,"$24,998*"
Mazda,MX-5,Miata Grand Touring,2016,31K mi,"$19,998*"
Ford,Mustang,,2013,33K mi,"$19,998*"
Mazda,MX-5,Miata Grand Touring,2022,9K mi,"$29,998*"
Ford,Mustang,Bullitt,2019,60K mi,"$34,998*"
Dodge,Charger,SXT Plus,2018,66K mi,"$21,998*"
Dodge,Challenger,GT,2019,64K mi,"$24,998*"
Honda,CR-Z,EX,2014,105K mi,"$14,599*"
Lexus,RC,350,2016,72K mi,"$29,998*"
Fiat,124,Spider Abarth,2017,83K mi,"$16,998*"
Genesis,G80,Ultimate,2018,41K mi,"$29,998*"
Chevrolet,Camaro,SS,2018,26K mi,"$36,998*"
BMW,M550,I xDrive,2018,47K mi,"$35,998*"
Dodge,Challenger,SXT,2020,33K mi,"$24,998*"
Dodge,Dart,SXT,2015,56K mi,"$14,998*"
Chevrolet,Camaro,SS,2017,27K mi,"$35,998*"
Chevrolet,Corvette,Stingray Z51,2016,52K mi,"$39,998*"
Mazda,MX-5,Miata Club,2016,94K mi,"$18,998*"
Dodge,Challenger,GT,2018,25K mi,"$27,998*"
Toyota,Supra,2.0,2021,20K mi,"$40,998*"
Dodge,Challenger,SXT,2020,36K mi,"$25,998*"
Acura,TLX,,2015,81K mi,"$19,998*"
Chevrolet,Corvette,Stingray 3LT,2022,5K mi,"$80,998*"
Audi,RS3,,2018,34K mi,"$47,998*"
Dodge,Charger,SXT,2023,18K mi,"$26,998*"
Dodge,Challenger,SXT,2020,42K mi,"$23,998*"
Mazda,MX-5,Miata Grand Touring,2020,17K mi,"$28,998*"
Chevrolet,Corvette,Stingray 2LT,2023,12K mi,"$71,998*"
Mercedes-Benz,SLK300,,2016,43K mi,"$23,998*"
Mazda,MX-5,Miata RF Grand Touring,2019,9K mi,"$29,998*"
Dodge,Challenger,SXT Plus,2018,25K mi,"$26,998*"
BMW,Z4,sDrive30i,2020,32K mi,"$34,998*"
Scion,tC,,2014,76K mi,"$16,998*"
Mazda,MX-5,Miata Sport,2014,94K mi,"$16,998*"
Chevrolet,Corvette,Stingray,2015,2K mi,"$48,998*"
Dodge,Challenger,SXT,2018,5K mi,"$28,998*"
Dodge,Challenger,SXT,2019,37K mi,"$25,998*"
Genesis,G80,,2017,69K mi,"$21,998*"
Chevrolet,Camaro,ZL1,2014,25K mi,"$42,998*"
Chevrolet,Camaro,LT,2018,65K mi,"$22,998*"
Mercedes-Benz,SLK250,,2014,28K mi,"$24,998*"
Ford,Mustang,Bullitt,2019,5K mi,"$44,998*"
Chevrolet,Corvette,Stingray 3LT,2023,11K mi,"$74,998*"
Mazda,MX-5,Miata Grand Touring,2022,20K mi,"$27,998*"
Mazda,MX-5,Miata Sport,2022,14K mi,"$25,998*"
Smart,Fortwo,Pure,2014,27K mi,"$12,998*"
Chevrolet,Corvette,Stingray Z51,2016,22K mi,"$49,998*"
Acura,TLX,,2017,93K mi,"$19,998*"
Jaguar,F-Type,,2017,48K mi,"$30,998*"
Genesis,G80,,2020,26K mi,"$28,998*"
Dodge,Charger,Scat Pack,2021,5K mi,"$45,998*"
Mazda,MX-5,Miata Grand Touring,2014,92K mi,"$18,998*"
Dodge,Challenger,SXT,2018,69K mi,"$22,998*"
Dodge,Challenger,GT,2022,21K mi,"$27,998*"
Audi,S5,Premium Plus,2020,31K mi,"$43,998*"
Ford,Mustang,GT Premium,2024,2K mi,"$50,998*"
Cadillac,CT4-V,,2023,15K mi,"$46,998*"
BMW,M4,,2016,46K mi,"$42,998*"
Dodge,Charger,SXT,2023,12K mi,"$24,998*"
Mazda,MX-5,Miata Grand Touring,2021,36K mi,"$24,998*"
Mazda,MX-5,Miata Grand Touring,2022,7K mi,"$29,998*"
Chevrolet,Corvette,Stingray 1LT,2021,8K mi,"$65,998*"
Ford,Mustang,Ecoboost Premium,2020,30K mi,"$26,998*"
Mazda,MX-5,Miata Sport,2023,25K mi,"$26,998*"
Dodge,Charger,SXT,2023,32K mi,"$26,998*"
Porsche,911,Carrera,2020,52K mi,"$91,998*"
Dodge,Charger,SXT,2023,6K mi,"$25,998*"
Dodge,Challenger,SXT,2022,50K mi,"$23,998*"
Acura,TLX,,2017,89K mi,"$19,998*"
Cadillac,CT4-V,,2023,25K mi,"$42,998*"
Jaguar,F-Type,R,2015,20K mi,"$41,998*"
Chevrolet,Corvette,Z06,2016,28K mi,"$60,998*"
Chevrolet,Corvette,Z06,2016,16K mi,"$70,998*"
Ford,Mustang,Ecoboost,2020,47K mi,"$23,998*"
Ford,Mustang,Ecoboost,2024,9K mi,"$33,998*"
Chevrolet,Camaro,LT,2020,39K mi,"$27,998*"
Mazda,MX-5,Miata RF Grand Touring,2019,52K mi,"$22,998*"
Dodge,Challenger,SXT,2022,25K mi,"$24,998*"
Ford,Mustang,Ecoboost,2020,55K mi,"$24,998*"
Jaguar,F-Type,R-Dynamic,2022,27K mi,"$64,998*"
Ford,Mustang,Ecoboost Premium,2022,53K mi,"$23,998*"
Chevrolet,Camaro,SS,2016,70K mi,"$29,998*"
Ford,Mustang,Dark Horse,2024,4K mi,"$60,998*"
Chevrolet,Corvette,Stingray 2LT,2022,14K mi,"$70,998*"
Chevrolet,Camaro,LT,2020,44K mi,"$24,998*"
Genesis,G80,,2020,33K mi,"$26,998*"
Mazda,MX-5,Miata Grand Touring,2023,8K mi,"$29,998*"
Dodge,Challenger,SXT,2019,50K mi,"$21,998*"
Chevrolet,Camaro,LT,2017,79K mi,"$20,998*"
Chevrolet,Camaro,LS,2015,22K mi,"$19,998*"
Volkswagen,Jetta,GLI 35th Anniversary,2019,42K mi,"$20,998*"
Chevrolet,Corvette,Grand Sport,2019,36K mi,"$51,998*"
Genesis,G80,,2020,57K mi,"$24,998*"
Smart,Fortwo,Pure,2014,32K mi,"$10,599*"
Dodge,Charger,SXT,2023,40K mi,"$21,998*"
Mazda,MX-5,Miata RF Grand Touring,2021,20K mi,"$28,998*"
Chevrolet,Corvette,Stingray 3LT,2021,23K mi,"$69,998*"
Mazda,MX-5,Miata RF Grand Touring,2021,13K mi,"$29,998*"
Porsche,718,Boxster,2023,6K mi,"$69,998*"
Honda,CR-Z,,2015,66K mi,"$14,998*"
Dodge,Challenger,SXT Plus,2015,80K mi,"$20,998*"
Genesis,G80,,2017,57K mi,"$22,998*"
Porsche,718,Cayman,2024,13K mi,"$66,998*"
Chevrolet,Camaro,LT,2020,53K mi,"$26,998*"
Dodge,Challenger,GT,2019,37K mi,"$25,998*"
Ford,Mustang,Ecoboost Premium,2022,40K mi,"$26,998*"
Dodge,Challenger,SXT,2022,27K mi,"$25,998*"
Chevrolet,Corvette,Grand Sport,2019,12K mi,"$63,998*"
Mazda,MX-5,Miata RF Grand Touring,2023,4K mi,"$31,998*"
Chevrolet,Corvette,Stingray,2019,20K mi,"$48,998*"
BMW,230,I,2017,69K mi,"$18,998*"
Jaguar,F-Type,P300,2021,33K mi,"$38,998*"
Chevrolet,Corvette,Stingray,2019,18K mi,"$45,998*"
Chevrolet,Corvette,Stingray 1LT,2022,18K mi,"$64,998*"
Jaguar,XE,Premium,2017,35K mi,"$19,998*"
Audi,e-tron,GT Premium Plus,2023,14K mi,"$68,998*"
Ford,Mustang,GT Premium,2024,10K mi,"$47,998*"
Jaguar,F-Type,340HP,2019,14K mi,"$41,998*"
Nissan,370Z,,2013,61K mi,"$23,998*"
Ford,Mustang,Ecoboost,2023,11K mi,"$29,998*"
Ford,Mustang,Ecoboost,2015,69K mi,"$18,998*"
Jaguar,XE,25t Premium,2019,48K mi,"$19,998*"
Chevrolet,Camaro,LT,2020,6K mi,"$29,998*"
Mercedes-Benz,SLC300,,2018,28K mi,"$29,998*"
Fiat,124,Spider Lusso,2017,17K mi,"$19,998*"
Chevrolet,Corvette,Stingray 2LT,2020,14K mi,"$65,998*"
Mazda,MX-5,Miata Sport,2013,56K mi,"$16,998*"
Dodge,Challenger,SXT,2019,58K mi,"$23,998*"
BMW,M2,Competition,2020,50K mi,"$48,998*"
BMW,M4,,2016,33K mi,"$44,998*"
Nissan,370Z,,2019,22K mi,"$32,998*"
Chevrolet,Corvette,Stingray 1LT,2024,8K mi,"$64,998*"
Ford,Mustang,,2013,91K mi,"$15,998*"
Ford,Mustang,GT Premium,2021,31K mi,"$36,998*"
Chevrolet,Corvette,Stingray 3LT,2022,14K mi,"$76,998*"
Chevrolet,Corvette,Stingray 3LT,2021,2K mi,"$74,998*"
Fiat,124,Spider Abarth,2017,33K mi,"$21,998*"
Chevrolet,Corvette,Stingray,2014,29K mi,"$39,998*"
Porsche,718,Cayman,2017,25K mi,"$47,998*"
Chevrolet,Camaro,LT1,2021,25K mi,"$37,998*"
Ford,Mustang,Ecoboost Premium,2020,39K mi,"$25,998*"
Chevrolet,Corvette,Stingray 3LT,2022,9K mi,"$71,998*"
Chevrolet,Corvette,Stingray 2LT,2021,18K mi,"$70,998*"
Mazda,MX-5,Miata Grand Touring,2013,75K mi,"$16,998*"
Chevrolet,Camaro,SS,2016,34K mi,"$33,998*"
Nissan,370Z,,2014,100K mi,"$19,998*"
Chevrolet,Corvette,Grand Sport,2019,5K mi,"$61,998*"
Ford,Mustang,Ecoboost,2020,33K mi,"$25,998*"
Ford,Mustang,GT Premium,2020,28K mi,"$35,998*"
Acura,TLX,,2015,123K mi,"$13,998*"
Chevrolet,Corvette,Stingray 1LT,2021,12K mi,"$67,998*"
Ford,Mustang,Ecoboost Premium,2021,47K mi,"$22,998*"
Dodge,Challenger,SXT,2019,90K mi,"$18,998*"
Chevrolet,Corvette,Stingray 3LT,2022,4K mi,"$77,998*"
Toyota,86,,2018,57K mi,"$22,998*"
Chevrolet,Camaro,LS,2015,81K mi,"$16,998*"
Dodge,Challenger,R/T Plus,2014,64K mi,"$22,998*"
Chevrolet,Corvette,Stingray 3LT,2022,8K mi,"$77,998*"
Ford,Mustang,Ecoboost Premium,2022,54K mi,"$24,998*"
Mazda,MX-5,Miata Grand Touring,2021,25K mi,"$25,998*"
Jaguar,XE,25t,2019,45K mi,"$18,998*"
Ford,Mustang,Ecoboost Premium,2020,51K mi,"$20,998*"
Ford,Mustang,,2015,84K mi,"$16,998*"
Ford,Mustang,GT Premium,2023,47K mi,"$36,998*"
Chevrolet,Camaro,LT,2017,79K mi,"$21,998*"
Jaguar,XE,25t Premium,2019,62K mi,"$19,998*"
Chevrolet,Camaro,LT,2020,42K mi,"$23,998*"
Chevrolet,Camaro,LS,2015,12K mi,"$19,998*"
Chevrolet,Camaro,LT,2018,22K mi,"$24,998*"
Dodge,Challenger,GT,2020,72K mi,"$21,998*"
Chevrolet,Corvette,Stingray,2019,41K mi,"$45,998*"
Dodge,Charger,Scat Pack,2021,29K mi,"$43,998*"
Ford,Mustang,Ecoboost Premium,2016,97K mi,"$15,998*"
BMW,M240,I,2019,23K mi,"$31,998*"
Ford,Mustang,GT Premium,2016,35K mi,"$27,998*"
Dodge,Challenger,GT Plus,2019,58K mi,"$22,998*"
Chevrolet,Camaro,LT,2018,44K mi,"$20,998*"
Dodge,Charger,SXT Plus,2018,70K mi,"$20,998*"
Chevrolet,Camaro,SS,2015,78K mi,"$23,998*"
Dodge,Challenger,SXT,2016,26K mi,"$21,998*"
Dodge,Challenger,SXT,2022,45K mi,"$22,998*"
Mazda,MX-5,Miata Club,2024,1K mi,"$30,998*"
Dodge,Challenger,R/T Plus,2019,70K mi,"$24,998*"
Chevrolet,Corvette,Stingray,2016,23K mi,"$44,998*"
Audi,S5,Premium Plus,2014,36K mi,"$26,998*"
Chevrolet,Corvette,Stingray 1LT,2024,1K mi,"$75,998*"
Genesis,G80,Sport,2019,86K mi,"$22,998*"
Nissan,370Z,Touring,2014,35K mi,"$25,998*"
Dodge,Charger,SXT,2023,47K mi,"$22,998*"
Dodge,Challenger,SXT,2022,48K mi,"$23,998*"
Acura,TLX,,2015,78K mi,"$16,998*"
Nissan,370Z,,2016,66K mi,"$22,998*"
BMW,230,I,2017,58K mi,"$18,998*"
Mazda,MX-5,Miata Grand Touring,2021,14K mi,"$27,998*"
Ford,Mustang,Ecoboost,2023,12K mi,"$25,998*"
Nissan,370Z,Sport Tech,2016,55K mi,"$25,998*"
Dodge,Challenger,SXT,2022,21K mi,"$25,998*"
Chevrolet,Corvette,Stingray Z51,2016,23K mi,"$46,998*"
Lexus,LC,500,2019,29K mi,"$69,998*"
Jaguar,XE,Premium,2018,61K mi,"$16,998*"
Porsche,Panamera,,2017,25K mi,"$46,998*"
Ford,Mustang,GT,2015,65K mi,"$24,998*"
Ford,Mustang,GT Premium,2021,58K mi,"$30,998*"
Ford,Mustang,Ecoboost Premium,2020,51K mi,"$19,998*"
Mazda,MX-5,Miata RF Grand Touring,2018,53K mi,"$20,998*"
Ford,Mustang,Dark Horse,2024,2K mi,"$59,998*"
Ford,Mustang,Ecoboost,2019,42K mi,"$21,998*"
Porsche,Panamera,,2019,50K mi,"$47,998*"
Ford,Mustang,GT,2018,71K mi,"$28,998*"
Chevrolet,Corvette,Stingray 1LT,2024,6K mi,"$69,998*"
Ford,Mustang,Ecoboost Premium,2020,52K mi,"$18,998*"
Ford,Mustang,GT Premium,2023,40K mi,"$36,998*"
Ford,Mustang,Ecoboost Premium,2022,69K mi,"$21,998*"
Ford,Mustang,Ecoboost Premium,2020,63K mi,"$19,998*"
Honda,CR-Z,EX,2014,93K mi,"$13,599*"
BMW,M4,,2020,25K mi,"$53,998*"
Dodge,Challenger,SXT,2016,101K mi,"$17,998*"
Nissan,370Z,Touring,2015,63K mi,"$22,998*"
Toyota,86,,2017,116K mi,"$18,998*"
Dodge,Challenger,R/T Scat Pack,2017,37K mi,"$33,998*"
BMW,Z4,sDrive30i,2020,39K mi,"$34,998*"
Audi,A5,Premium Plus,2016,47K mi,"$19,998*"
Dodge,Charger,Scat Pack,2021,35K mi,"$38,998*"
Dodge,Challenger,GT,2022,54K mi,"$24,998*"
Chevrolet,Corvette,Stingray Z51,2014,42K mi,"$38,998*"
Ford,Mustang,Ecoboost Premium,2020,51K mi,"$20,998*"
Ford,Mustang,Ecoboost Premium,2022,59K mi,"$23,998*"
Ford,Mustang,Ecoboost Premium,2021,51K mi,"$21,998*"
Chevrolet,Corvette,Stingray,2017,57K mi,"$39,998*"
Dodge,Challenger,R/T,2014,117K mi,"$17,998*"
BMW,Z4,sDrive30i,2020,18K mi,"$33,998*"
Ford,Mustang,Ecoboost Premium,2023,41K mi,"$25,998*"
Scion,FR-S,,2014,89K mi,"$16,998*"
Dodge,Challenger,GT,2020,14K mi,"$27,998*"
Ford,Mustang,Ecoboost Premium,2021,50K mi,"$20,998*"
Chevrolet,Corvette,Stingray,2016,16K mi,"$42,998*"
Chevrolet,Corvette,Stingray 2LT,2020,27K mi,"$62,998*"
Fiat,124,Spider Abarth,2017,19K mi,"$21,998*"
Chevrolet,Corvette,Stingray 1LT,2024,2K mi,"$66,998*"
Chevrolet,Corvette,Stingray 2LT,2022,8K mi,"$69,998*"
Audi,A5,Premium Plus,2018,59K mi,"$20,998*"
Lexus,RC,350,2015,122K mi,"$19,998*"
Ford,Mustang,Ecoboost Premium,2020,48K mi,"$22,998*"
Dodge,Challenger,SXT,2022,49K mi,"$23,998*"
Chevrolet,Camaro,LT1,2021,28K mi,"$37,998*"
Mazda,MX-5,Miata Sport,2020,37K mi,"$22,998*"
Ford,Mustang,Ecoboost Premium,2021,50K mi,"$22,998*"
Toyota,86,,2020,42K mi,"$25,998*"
BMW,Z4,M40I,2023,5K mi,"$61,998*"
Dodge,Challenger,SXT Plus,2017,24K mi,"$23,998*"
Nissan,370Z,Touring,2014,59K mi,"$22,998*"
Porsche,Panamera,,2018,33K mi,"$49,998*"
Mazda,MX-5,Miata Grand Touring,2019,50K mi,"$21,998*"
Jaguar,F-Type,340HP,2019,26K mi,"$36,998*"
Mazda,MX-5,Miata Club,2014,40K mi,"$17,998*"
BMW,M3,,2017,12K mi,"$53,998*"
Dodge,Challenger,SXT,2022,26K mi,"$24,998*"
Jaguar,XE,,2018,43K mi,"$17,998*"
Chevrolet,Camaro,1SS,2022,4K mi,"$42,998*"
Ford,Mustang,Ecoboost Premium,2021,52K mi,"$19,998*"
Audi,e-tron,GT Premium Plus,2023,12K mi,"$65,998*"
Chevrolet,Corvette,Stingray,2019,32K mi,"$46,998*"
Ford,Mustang,Ecoboost Premium,2023,35K mi,"$27,998*"
Genesis,G80,,2017,94K mi,"$18,998*"
Ford,Mustang,Ecoboost Premium,2021,51K mi,"$18,998*"
BMW,M2,Competition,2020,49K mi,"$46,998*"
Mazda,MX-5,Miata RF Grand Touring,2018,13K mi,"$23,998*"
Chevrolet,Corvette,Stingray 3LT,2023,27K mi,"$73,998*"
Chevrolet,Corvette,Z06,2016,1K mi,"$72,998*"
Chevrolet,Corvette,Stingray 3LT,2023,4K mi,"$75,998*"
Dodge,Challenger,SXT,2022,33K mi,"$24,998*"
Acura,TLX,,2018,88K mi,"$19,998*"
Mazda,MX-5,Miata Club,2022,27K mi,"$26,998*"
Toyota,Supra,3.0 Premium,2021,37K mi,"$48,998*"
Nissan,370Z,,2019,45K mi,"$26,998*"
Porsche,Panamera,4S,2018,43K mi,"$55,998*"
Chevrolet,Camaro,LT,2020,51K mi,"$22,998*"
Acura,TLX,SH-AWD A-Spec,2018,104K mi,"$20,998*"
Dodge,Challenger,SXT,2019,39K mi,"$21,998*"
Dodge,Challenger,GT,2022,44K mi,"$25,998*"
Audi,S4,Prestige,2020,23K mi,"$37,998*"
Ford,Mustang,Ecoboost,2020,37K mi,"$23,998*"
Mazda,MX-5,Miata Grand Touring,2020,24K mi,"$24,998*"
Nissan,370Z,,2014,91K mi,"$20,998*"
Mazda,MX-5,Miata Sport,2016,43K mi,"$19,998*"
Mazda,MX-5,Miata Grand Touring,2023,24K mi,"$26,998*"
Ford,Mustang,,2013,116K mi,"$12,599*"
Jaguar,F-Type,340HP,2018,38K mi,"$32,998*"
Mazda,MX-5,Miata Sport,2021,31K mi,"$23,998*"
Subaru,WRX,Limited,2023,6K mi,"$33,998*"
Jaguar,F-Type,First Edition,2021,3K mi,"$47,998*"
Audi,A5,Premium Plus,2018,42K mi,"$23,998*"
Mazda,MX-5,Miata Club,2020,9K mi,"$27,998*"
Chevrolet,Corvette,Stingray,2018,39K mi,"$39,998*"
Mini,Cooper,Roadster S,2014,22K mi,"$17,998*"
Chevrolet,Corvette,Z06,2016,53K mi,"$60,998*"
Mazda,MX-5,Miata RF Grand Touring,2021,27K mi,"$27,998*"
Ford,Mustang,GT Premium,2024,2K mi,"$49,998*"
Chevrolet,Camaro,LS,2014,88K mi,"$16,998*"
Ford,Mustang,GT,2024,7K mi,"$40,998*"
Dodge,Challenger,SXT,2022,30K mi,"$26,998*"
Jaguar,XE,Premium,2017,41K mi,"$19,998*"
Mazda,MX-5,Miata Club,2023,4K mi,"$29,998*"
Mazda,MX-5,Miata Grand Touring,2019,30K mi,"$23,998*"
Dodge,Challenger,SXT,2022,48K mi,"$23,998*"
Dodge,Charger,SXT Plus,2018,31K mi,"$21,998*"
Nissan,370Z,,2019,15K mi,"$30,998*"
Chevrolet,Corvette,Stingray 3LT,2021,18K mi,"$68,998*"
Chevrolet,Corvette,Z06,2015,9K mi,"$68,998*"
Mazda,MX-5,Miata Launch Edition,2016,35K mi,"$24,998*"
Jaguar,XE,S,2020,35K mi,"$23,998*"
Nissan,370Z,Sport,2020,50K mi,"$28,998*"
Dodge,Challenger,SXT,2014,70K mi,"$17,998*"
Mini,Cooper,Roadster S,2015,36K mi,"$16,998*"
Mercedes-Benz,SLC300,,2018,44K mi,"$27,998*"
Dodge,Dart,SXT,2016,53K mi,"$13,998*"
Mazda,MX-5,Miata Sport,2020,18K mi,"$22,998*"
Chevrolet,SS,,2017,31K mi,"$44,998*"
Chevrolet,Corvette,Stingray,2014,23K mi,"$40,998*"
Dodge,Challenger,SXT,2022,46K mi,"$25,998*"
Mazda,MX-5,Miata Sport,2015,37K mi,"$18,998*"
Chevrolet,Corvette,Stingray Z51,2016,18K mi,"$47,998*"
Chevrolet,Camaro,LT,2020,56K mi,"$25,998*"
Toyota,86,,2019,39K mi,"$26,998*"
Dodge,Challenger,SXT,2022,39K mi,"$22,998*"
Chevrolet,Corvette,Stingray 2LT,2022,17K mi,"$70,998*"
Chevrolet,Corvette,Stingray,2016,8K mi,"$45,998*"
Dodge,Challenger,R/T Scat Pack Widebody,2022,12K mi,"$48,998*"
Smart,Fortwo,Pure,2014,77K mi,"$8,998*"
Dodge,Challenger,SXT,2013,96K mi,"$15,998*"
Mazda,MX-5,Miata Club,2021,23K mi,"$26,998*"
Mazda,MX-5,Miata RF Grand Touring,2023,5K mi,"$32,998*"
Ford,Mustang,Ecoboost Premium,2020,52K mi,"$19,998*"
Subaru,WRX,,2023,19K mi,"$28,998*"
Mazda,MX-5,Miata Club,2021,27K mi,"$24,998*"
Jaguar,F-Type,Premium,2017,43K mi,"$32,998*"
Dodge,Challenger,SXT,2019,90K mi,"$19,998*"
Acura,TLX,,2015,60K mi,"$19,998*"
Chevrolet,Corvette,Stingray Z51,2019,5K mi,"$58,998*"
Ford,Mustang,GT Premium,2017,79K mi,"$28,998*"
BMW,Z4,SDrive28i,2016,25K mi,"$26,998*"
Dodge,Challenger,SXT,2019,37K mi,"$22,998*"
Chevrolet,Camaro,2SS,2020,28K mi,"$41,998*"
Mazda,MX-5,Miata Grand Touring,2020,10K mi,"$26,998*"
Chevrolet,Corvette,Stingray,2018,48K mi,"$39,998*"
Jaguar,F-Type,S,2016,22K mi,"$31,998*"
Mazda,MX-5,Miata Grand Touring,2022,19K mi,"$26,998*"
Jaguar,F-Type,Checkered Flag,2020,35K mi,"$35,998*"
Audi,S6,Premium Plus,2020,33K mi,"$45,998*"
Mazda,MX-5,Miata Grand Touring,2022,3K mi,"$28,998*"
Chevrolet,Corvette,Stingray 2LT,2022,5K mi,"$71,998*"
Ford,Mustang,Ecoboost,2020,42K mi,"$24,998*"
Chevrolet,Camaro,SS,2018,80K mi,"$29,998*"
Chevrolet,Camaro,LT,2020,57K mi,"$25,998*"
Ford,Mustang,Ecoboost,2020,42K mi,"$23,998*"
Mazda,MX-5,Miata RF Grand Touring,2019,9K mi,"$28,998*"
Mazda,MX-5,Miata Grand Touring,2016,86K mi,"$17,998*"
Ford,Mustang,Ecoboost Premium,2021,4K mi,"$27,998*"
Ford,Mustang,,2016,86K mi,"$17,998*"
Chevrolet,Camaro,LT,2020,54K mi,"$25,998*"
Chevrolet,Camaro,SS,2020,4K mi,"$41,998*"
Mazda,MX-5,Miata RF Grand Touring,2019,18K mi,"$28,998*"
Jaguar,XE,R-Sport,2018,41K mi,"$24,998*"
BMW,Z4,sDrive30i,2022,29K mi,"$35,998*"
Chevrolet,Corvette,Stingray 1LT,2023,2K mi,"$67,998*"
Ford,Mustang,Ecoboost Premium,2020,15K mi,"$25,998*"
Chevrolet,Corvette,Stingray Z51,2017,22K mi,"$48,998*"
Mazda,MX-5,Miata Grand Touring,2016,37K mi,"$19,998*"
Volkswagen,Jetta,GLI Autobahn,2019,50K mi,"$22,998*"
Nissan,Z,Proto Spec,2023,19K mi,"$43,998*"
Mazda,MX-5,Miata Grand Touring,2023,4K mi,"$29,998*"
Ford,Mustang,Ecoboost,2020,17K mi,"$22,998*"
Ford,Mustang,Ecoboost Premium,2020,69K mi,"$18,998*"
Ford,Mustang,Ecoboost Premium,2020,10K mi,"$27,998*"
Mazda,MX-5,Miata Grand Touring,2022,4K mi,"$29,998*"
Dodge,Challenger,SXT Plus,2015,111K mi,"$17,998*"
Mazda,MX-5,Miata Grand Touring,2023,24K mi,"$27,998*"
Chevrolet,Corvette,Grand Sport,2019,23K mi,"$54,998*"
Jaguar,XE,S,2020,20K mi,"$22,998*"
Ford,Mustang,Ecoboost,2020,23K mi,"$24,998*"
Jaguar,F-Type,R,2017,42K mi,"$47,998*"
Ford,Mustang,Shelby GT350,2017,19K mi,"$53,998*"
Porsche,718,Boxster,2019,45K mi,"$44,998*"
Volkswagen,Jetta,GLI S,2019,52K mi,"$18,998*"
Chevrolet,Camaro,SS,2018,42K mi,"$34,998*"
Mercedes-Benz,SLK250,,2014,25K mi,"$22,998*"
Acura,TLX,A-Spec,2018,38K mi,"$25,998*"
Ford,Mustang,Ecoboost,2020,60K mi,"$22,998*"
Ford,Mustang,Ecoboost,2016,88K mi,"$17,998*"
Mazda,MX-5,Miata Club,2016,59K mi,"$19,998*"
Ford,Mustang,Ecoboost,2020,9K mi,"$24,998*"
Dodge,Challenger,SXT,2016,73K mi,"$18,998*"
Mazda,MX-5,Miata Grand Touring,2016,14K mi,"$19,998*"
Chevrolet,Corvette,Stingray 3LT,2020,13K mi,"$66,998*"
Subaru,WRX,Premium,2023,16K mi,"$31,998*"
BMW,M550,I xDrive,2020,56K mi,"$42,998*"
Dodge,Challenger,SXT,2019,48K mi,"$21,998*"
Toyota,Supra,2.0,2022,6K mi,"$43,998*"
Chevrolet,Camaro,LT,2018,69K mi,"$21,998*"
Audi,e-tron,GT Premium Plus,2023,25K mi,"$66,998*"
Chevrolet,Corvette,Stingray 2LT,2021,5K mi,"$71,998*"
Mazda,MX-5,Miata RF Grand Touring,2020,20K mi,"$29,998*"
Chevrolet,Corvette,Stingray 2LT,2022,43K mi,"$66,998*"
Dodge,Challenger,R/T Scat Pack Widebody,2023,2K mi,"$54,998*"
Audi,TT,,2021,14K mi,"$43,998*"
Ford,Mustang,Mach-E GT,2023,28K mi,"$36,998*"
Ford,Mustang,Ecoboost Premium,2023,22K mi,"$32,998*"
Ford,Mustang,Ecoboost Premium,2021,15K mi,"$31,998*"
BMW,Z4,sDrive30i,2019,12K mi,"$35,998*"
Audi,TT,,2015,51K mi,"$23,998*"
Ford,Mustang,GT Premium,2024,1K mi,"$50,998*"
Genesis,G80,Ultimate,2018,56K mi,"$27,998*"
Ford,Mustang,Ecoboost,2017,73K mi,"$21,998*"
Ford,Mustang,Ecoboost,2024,2K mi,"$36,998*"
Acura,TLX,,2016,100K mi,"$19,998*"
Chevrolet,Camaro,LT1,2023,16K mi,"$39,998*"
Ford,Mustang,Ecoboost,2020,7K mi,"$29,998*"
Chevrolet,Corvette,Stingray 1LT,2023,15K mi,"$67,998*"
Jaguar,F-Type,R-Dynamic,2021,10K mi,"$65,998*"
Chevrolet,Corvette,Grand Sport,2019,22K mi,"$59,998*"
Ford,Mustang,Ecoboost Premium,2023,37K mi,"$29,998*"
Dodge,Challenger,R/T,2022,2K mi,"$35,998*"
Toyota,Supra,3.0 Premium,2023,9K mi,"$58,998*"
Dodge,Challenger,R/T Plus,2017,28K mi,"$28,998*"
Ford,Mustang,Ecoboost Premium,2021,53K mi,"$24,998*"
Ford,Mustang,Ecoboost Premium,2024,3K mi,"$38,998*"
Mazda,MX-5,Miata Grand Touring,2020,19K mi,"$26,998*"
Mazda,MX-5,Miata Club,2016,48K mi,"$21,998*"
Jaguar,F-Type,Checkered Flag,2020,34K mi,"$35,998*"
Ford,Mustang,Ecoboost Premium,2019,38K mi,"$24,998*"
BMW,Z4,sDrive30i,2021,40K mi,"$35,998*"
Chevrolet,Camaro,LT,2018,43K mi,"$23,998*"
Dodge,Charger,Scat Pack,2021,36K mi,"$41,998*"
Chevrolet,Camaro,SS,2017,19K mi,"$35,998*"
BMW,Z4,SDrive28i,2016,16K mi,"$29,998*"
Ford,Mustang,Ecoboost,2016,74K mi,"$19,998*"
Dodge,Challenger,R/T Scat Pack,2020,18K mi,"$41,998*"
Dodge,Charger,SXT,2023,27K mi,"$23,998*"
Chevrolet,Corvette,Stingray 1LT,2024,3K mi,"$70,998*"
Chevrolet,Camaro,LS,2018,85K mi,"$18,998*"
Ford,Mustang,Ecoboost,2020,117K mi,"$18,998*"
Volkswagen,GTI,SE,2015,74K mi,"$17,998*"
Jaguar,XE,Premium,2017,53K mi,"$20,998*"
Chevrolet,Corvette,Stingray,2016,40K mi,"$36,998*"
Ford,Mustang,GT,2024,7K mi,"$43,998*"
BMW,M4,Competition,2024,4K mi,"$83,998*"
Mazda,MX-5,Miata Grand Touring,2022,24K mi,"$25,998*"
Dodge,Challenger,SXT,2020,50K mi,"$24,998*"
Ford,Mustang,GT Premium,2020,22K mi,"$38,998*"
Mazda,MX-5,Miata Sport,2019,45K mi,"$23,998*"
Dodge,Challenger,R/T Scat Pack Widebody,2022,16K mi,"$49,998*"
Mazda,MX-5,Miata RF Grand Touring,2023,19K mi,"$28,998*"
BMW,M4,,2018,61K mi,"$39,998*"
Fiat,124,Spider Classica,2017,11K mi,"$20,998*"
Dodge,Charger,SXT,2023,21K mi,"$25,998*"
Chevrolet,Corvette,Stingray 1LT,2022,30K mi,"$64,998*"
Chevrolet,Camaro,2LT,2021,26K mi,"$32,998*"
Dodge,Challenger,SXT,2019,52K mi,"$24,998*"
Chevrolet,Corvette,Stingray,2014,33K mi,"$39,998*"
Mercedes-Benz,C43,AMG,2024,5K mi,"$60,998*"
Nissan,370Z,,2020,10K mi,"$32,998*"
Ford,Mustang,Mach-E GT,2023,9K mi,"$40,998*"
Acura,TLX,,2019,55K mi,"$21,998*"
Chevrolet,Camaro,LT,2017,88K mi,"$23,998*"
Dodge,Challenger,T/A,2018,27K mi,"$30,998*"
Dodge,Challenger,R/T,2019,88K mi,"$25,998*"
Chevrolet,Corvette,Stingray,2017,23K mi,"$45,998*"
Ford,Mustang,GT Premium,2023,1K mi,"$45,998*"
Ford,Mustang,Ecoboost Premium,2022,52K mi,"$24,998*"
Lexus,RC,350,2015,47K mi,"$28,998*"
Chevrolet,Corvette,Stingray 1LT,2023,9K mi,"$63,998*"
Dodge,Challenger,SXT,2018,74K mi,"$20,998*"
Chevrolet,Camaro,LT1,2022,8K mi,"$40,998*"
Ford,Mustang,Ecoboost Premium,2020,28K mi,"$27,998*"
Chevrolet,Corvette,Z06,2015,13K mi,"$66,998*"
Acura,TLX,,2018,93K mi,"$18,998*"
Ford,Mustang,Ecoboost,2020,78K mi,"$22,998*"
Mazda,MX-5,Miata Grand Touring,2016,64K mi,"$19,998*"
Mazda,MX-5,Miata Club,2022,6K mi,"$30,998*"
Mazda,MX-5,Miata RF Grand Touring,2023,11K mi,"$31,998*"
Porsche,718,Cayman,2018,62K mi,"$41,998*"
Chevrolet,Camaro,LT,2015,66K mi,"$19,998*"
Dodge,Charger,Scat Pack,2021,32K mi,"$42,998*"
Porsche,718,Cayman,2019,34K mi,"$51,998*"
Jaguar,F-Type,P300,2020,13K mi,"$39,998*"
Ford,Mustang,GT Premium,2020,22K mi,"$36,998*"
Chevrolet,Corvette,Stingray,2019,26K mi,"$49,998*"
BMW,M550,I xDrive,2020,48K mi,"$39,998*"
Acura,TLX,A-Spec,2020,68K mi,"$26,998*"
Genesis,G80,Ultimate,2018,25K mi,"$31,998*"
Lexus,RC,F,2015,80K mi,"$36,998*"
Dodge,Challenger,GT,2022,32K mi,"$25,998*"
Acura,TLX,Technology,2020,46K mi,"$24,998*"
Chevrolet,Corvette,Stingray 1LT,2024,2K mi,"$70,998*"
Nissan,370Z,,2019,29K mi,"$32,998*"
Genesis,G80,Ultimate,2020,18K mi,"$33,998*"
Dodge,Challenger,GT,2022,49K mi,"$26,998*"
Dodge,Challenger,SXT,2022,29K mi,"$27,998*"
Ford,Mustang,Ecoboost Premium,2022,8K mi,"$31,998*"
Chevrolet,Camaro,LT,2020,26K mi,"$27,998*"
Chevrolet,Camaro,SS,2016,12K mi,"$34,998*"
Acura,TLX,,2019,60K mi,"$21,998*"
Acura,TLX,,2019,70K mi,"$24,998*"
Chevrolet,Corvette,Stingray 3LT,2021,14K mi,"$76,998*"
Chevrolet,Camaro,LT,2020,48K mi,"$23,998*"
Nissan,370Z,Touring,2016,32K mi,"$26,998*"
Chevrolet,Corvette,Stingray 2LT,2023,4K mi,"$76,998*"
Dodge,Challenger,GT,2022,55K mi,"$25,998*"
Cadillac,CT4-V,,2023,32K mi,"$42,998*"
Mazda,MX-5,Miata RF Grand Touring,2021,55K mi,"$24,998*"
Acura,TLX,,2015,80K mi,"$19,998*"
Volkswagen,Jetta,GLI Autobahn,2019,30K mi,"$23,998*"
Dodge,Challenger,GT,2022,44K mi,"$26,998*"
Jaguar,XF,25t Prestige,2020,57K mi,"$23,998*"
Nissan,370Z,Sport Touring,2020,25K mi,"$33,998*"
Ford,Mustang,Ecoboost,2017,90K mi,"$19,998*"
Dodge,Challenger,SXT,2022,46K mi,"$24,998*"
Mercedes-Benz,CLS550,,2014,39K mi,"$27,998*"
Nissan,370Z,,2020,34K mi,"$29,998*"
Chevrolet,Camaro,LT,2020,43K mi,"$26,998*"
Chevrolet,Camaro,2LT,2023,81K mi,"$28,998*"
Acura,TLX,A-Spec,2020,28K mi,"$29,998*"
Jaguar,XE,25t Premium,2019,24K mi,"$25,998*"
Audi,S4,Prestige,2018,63K mi,"$28,998*"
Mazda,MX-5,Miata Grand Touring,2020,21K mi,"$26,998*"
Mazda,MX-5,Miata RF Grand Touring,2020,41K mi,"$26,998*"
Ford,Mustang,Ecoboost,2020,22K mi,"$24,998*"
Jaguar,F-Type,R,2017,22K mi,"$51,998*"
Chevrolet,Corvette,Stingray 2LT,2020,25K mi,"$69,998*"
Mazda,MX-5,Miata Sport,2021,28K mi,"$24,998*"
Porsche,Cayman,,2016,22K mi,"$45,998*"
Audi,TTS,,2017,59K mi,"$28,998*"
Chevrolet,Corvette,Z06,2016,49K mi,"$58,998*"
Chevrolet,Camaro,LT,2021,32K mi,"$27,998*"
Volkswagen,Jetta,GLI Autobahn,2019,67K mi,"$22,998*"
Dodge,Charger,Scat Pack,2021,35K mi,"$42,998*"
Ford,Mustang,GT,2024,4K mi,"$43,998*"
Dodge,Challenger,SXT,2022,43K mi,"$25,998*"
Genesis,G80,Ultimate,2018,110K mi,"$22,998*"
Ford,Mustang,GT Premium,2020,47K mi,"$35,998*"
Mazda,MX-5,Miata RF Grand Touring,2022,11K mi,"$30,998*"
Dodge,Charger,SXT,2023,34K mi,"$25,998*"
Dodge,Challenger,GT,2019,27K mi,"$25,998*"
BMW,M4,,2020,40K mi,"$49,998*"
Chevrolet,Corvette,Stingray 3LT,2021,20K mi,"$75,998*"
Ford,Mustang,Ecoboost,2020,38K mi,"$25,998*"
Chevrolet,Corvette,Stingray 2LT,2023,7K mi,"$79,998*"
Mazda,MX-5,Miata RF Grand Touring,2020,15K mi,"$28,998*"
Acura,TLX,,2018,98K mi,"$17,998*"
Chevrolet,Camaro,LT,2018,26K mi,"$24,998*"
Genesis,G80,,2020,18K mi,"$28,998*"
Dodge,Challenger,SXT,2020,19K mi,"$27,998*"
Chevrolet,Camaro,LT,2018,56K mi,"$25,998*"
Chevrolet,Corvette,Stingray 3LT,2021,29K mi,"$68,998*"
Chevrolet,Camaro,LS,2023,17K mi,"$27,998*"
Jaguar,F-Type,R,2015,21K mi,"$47,998*"
Ford,Mustang,Mach-E GT,2023,4K mi,"$41,998*"
Ford,Mustang,Ecoboost Premium,2022,56K mi,"$25,998*"
Chevrolet,Corvette,Stingray Z51,2014,34K mi,"$39,998*"
Toyota,Supra,3.0 Premium,2021,20K mi,"$47,998*"
Chevrolet,Corvette,Stingray 3LT,2023,7K mi,"$82,998*"
Chevrolet,Corvette,Stingray 2LT,2022,9K mi,"$70,998*"
Chevrolet,Corvette,Stingray 1LT,2023,25K mi,"$68,998*"
Dodge,Challenger,T/A 392,2019,38K mi,"$31,998*"
Nissan,370Z,Sport,2015,86K mi,"$19,998*"
Chevrolet,Camaro,LT,2015,57K mi,"$19,998*"
Dodge,Challenger,SXT,2022,47K mi,"$23,998*"
Ford,Mustang,,2015,98K mi,"$16,998*"
Dodge,Challenger,R/T,2019,119K mi,"$20,998*"
Dodge,Challenger,SXT,2016,32K mi,"$20,998*"
Chevrolet,Corvette,Grand Sport,2019,10K mi,"$64,998*"
BMW,230,I,2017,55K mi,"$19,998*"
Ford,Mustang,GT,2016,20K mi,"$29,998*"
Ford,Mustang,GT,2020,36K mi,"$32,998*"
Dodge,Charger,SXT,2023,11K mi,"$24,998*"
Audi,S8,,2024,10K mi,"$99,998*"
Ford,Mustang,Bullitt,2019,44K mi,"$34,998*"
Ford,Mustang,Ecoboost,2023,33K mi,"$26,998*"
Dodge,Charger,Scat Pack,2021,12K mi,"$40,998*"
Dodge,Challenger,R/T Scat Pack,2020,32K mi,"$37,998*"
Acura,TLX,,2019,26K mi,"$23,998*"
Ford,Mustang,GT Premium,2020,23K mi,"$37,998*"
Ford,Mustang,Ecoboost,2021,42K mi,"$24,998*"
Chevrolet,Corvette,Stingray 2LT,2023,24K mi,"$78,998*"
Dodge,Charger,Scat Pack,2021,40K mi,"$40,998*"
Ford,Mustang,Ecoboost Premium,2021,51K mi,"$24,998*"
Mazda,MX-5,Miata Club,2024,12K mi,"$30,998*"
Dodge,Challenger,SXT,2022,52K mi,"$24,998*"
Mazda,MX-5,Miata Grand Touring,2022,19K mi,"$27,998*"
Toyota,Supra,2.0,2022,26K mi,"$40,998*"
Chevrolet,Camaro,LT,2020,56K mi,"$22,998*"
Volkswagen,Jetta,GLI S,2019,38K mi,"$20,998*"
Hyundai,Genesis,Grand Touring,2014,69K mi,"$17,998*"
Chevrolet,Camaro,LT,2020,47K mi,"$24,998*"
Toyota,Supra,3.0 Premium,2021,29K mi,"$48,998*"
Jaguar,F-Type,P300,2020,34K mi,"$36,998*"
Scion,FR-S,,2013,94K mi,"$16,998*"
Chevrolet,Corvette,Grand Sport,2019,56K mi,"$55,998*"
Ford,Mustang,Ecoboost Premium,2020,45K mi,"$21,998*"
Ford,Mustang,Ecoboost Premium,2016,77K mi,"$19,998*"
Jaguar,F-Type,340HP,2018,7K mi,"$39,998*"
Acura,TLX,,2015,50K mi,"$18,998*"
Ford,Mustang,Bullitt,2020,6K mi,"$45,998*"
Dodge,Challenger,SXT,2022,57K mi,"$24,998*"
Mazda,MX-5,Miata Grand Touring,2022,12K mi,"$28,998*"
Ford,Mustang,GT,2024,6K mi,"$42,998*"
Jaguar,F-Type,P300,2020,41K mi,"$34,998*"
